<?xml version="1.0" encoding="UTF-8"?>
<project-private xmlns="http://www.netbeans.org/ns/project-private/1">
    <editor-bookmarks xmlns="http://www.netbeans.org/ns/editor-bookmarks/2" lastBookmarkId="0"/>
    <open-files xmlns="http://www.netbeans.org/ns/projectui-open-files/2">
        <group>
            <file>file:/C:/GitHub/ROC_Ziyadi_Yassamine/Embedded/Robot_Ziyadi.X/PWM.c</file>
            <file>file:/C:/GitHub/ROC_Ziyadi_Yassamine/Embedded/Robot_Ziyadi.X/main.c</file>
            <file>file:/C:/GitHub/ROC_Ziyadi_Yassamine/Embedded/Robot_Ziyadi.X/main.h</file>
            <file>file:/C:/GitHub/ROC_Ziyadi_Yassamine/Embedded/Robot_Ziyadi.X/timer.c</file>
            <file>file:/C:/GitHub/ROC_Ziyadi_Yassamine/Embedded/Robot_Ziyadi.X/Robot.c</file>
            <file>file:/C:/GitHub/ROC_Ziyadi_Yassamine/Embedded/Robot_Ziyadi.X/Robot.h</file>
            <file>file:/C:/GitHub/ROC_Ziyadi_Yassamine/Embedded/Robot_Ziyadi.X/PWM.h</file>
            <file>file:/C:/GitHub/ROC_Ziyadi_Yassamine/Embedded/Robot_Ziyadi.X/ToolBox.c</file>
            <file>file:/C:/GitHub/ROC_Ziyadi_Yassamine/Embedded/Robot_Ziyadi.X/ADC.c</file>
            <file>file:/C:/GitHub/ROC_Ziyadi_Yassamine/Embedded/Robot_Ziyadi.X/ChipConfig.c</file>
            <file>file:/C:/GitHub/ROC_Ziyadi_Yassamine/Embedded/Robot_Ziyadi.X/IO.c</file>
            <file>file:/C:/GitHub/ROC_Ziyadi_Yassamine/Embedded/Robot_Ziyadi.X/adc.h</file>
            <file>file:/C:/GitHub/ROC_Ziyadi_Yassamine/Embedded/Robot_Ziyadi.X/ChipConfig.h</file>
            <file>file:/C:/GitHub/ROC_Ziyadi_Yassamine/Embedded/Robot_Ziyadi.X/IO.h</file>
            <file>file:/C:/GitHub/ROC_Ziyadi_Yassamine/Embedded/Robot_Ziyadi.X/timer.h</file>
            <file>file:/C:/GitHub/ROC_Ziyadi_Yassamine/Embedded/Robot_Ziyadi.X/ToolBox.h</file>
        </group>
    </open-files>
</project-private>
